3nwan,url
إغاثة اللهفان في حكم طلاق الغضبان ط المجمع,http://shamela.ws/index.php/book/19225
المقنع في فقه الإمام أحمد ت الأرناؤوط,http://shamela.ws/index.php/book/19233
النظريات العلمية الحديثة مسيرتها الفكرية وأسلوب…,http://shamela.ws/index.php/book/124358
فتح الرحمن في تفسير القرآن,http://shamela.ws/index.php/book/14404
إعلام الموقعين عن رب العالمين ت مشهور,http://shamela.ws/index.php/book/17798
الثبات والشمول في الشريعة الإسلامية,http://shamela.ws/index.php/book/17821
الذكر والدعاء والعلاج بالرقي من الكتاب والسنة,http://shamela.ws/index.php/book/16625
المختصر في تفسير القرآن الكريم,http://shamela.ws/index.php/book/18102
الوجيز في أصول الفقه الإسلامي,http://shamela.ws/index.php/book/17118
شرح الإلمام بأحاديث الأحكام,http://shamela.ws/index.php/book/18100
مصباح الأريب في تقريب الرواة الذين ليسوا في تقريب…,http://shamela.ws/index.php/book/17900
آراء ابن الجوزي التربوية,http://shamela.ws/index.php/book/17901
القصيدة الوضاحية في مدح السيدة عائشة أم المؤمنين…,http://shamela.ws/index.php/book/17861
مقدمة إملاء الاستذكار للحافظ أبي عمر ابن عبد البر…,http://shamela.ws/index.php/book/17857
الانتهاض في ختم «الشفا» لعياض,http://shamela.ws/index.php/book/17908
مجالس مع فضيلة الشيخ محمد الأمين الشنقيطي,http://shamela.ws/index.php/book/14260
مصابيح السنة,http://shamela.ws/index.php/book/14119
الأحكام الوسطى,http://shamela.ws/index.php/book/17903
قطع الجدال في أحكام الاستقبال «للكعبة المشرفة»,http://shamela.ws/index.php/book/17851
إفادة المبتدي المستفيد فى حكم إتيان المأموم بالتسميع,http://shamela.ws/index.php/book/17845
تحرير الأقوال في صوم الست من شوال,http://shamela.ws/index.php/book/17850
إجازة الشيخ العلامة عبد اللطيف بن عبد الرحمن آل…,http://shamela.ws/index.php/book/17847
رسالة لطيفة في شرح حديث أنت ومالك لأبيك,http://shamela.ws/index.php/book/17848
البدر التمام شرح بلوغ المرام,http://shamela.ws/index.php/book/17747
الأمثال والحكم,http://shamela.ws/index.php/book/16759
التوكل,http://shamela.ws/index.php/book/16879
طرق الكشف عن مقاصد الشارع,http://shamela.ws/index.php/book/16884
مجموع رسائل الحافظ العلائي,http://shamela.ws/index.php/book/16928
القول المعروف في فضل المعروف,http://shamela.ws/index.php/book/17451
ما يفعله الأطباء والداعون بدفع شر الطاعون,http://shamela.ws/index.php/book/17414
إخلاص الوداد في صدق الميعاد,http://shamela.ws/index.php/book/16727
إيضاح المدارك في الإفصاح عن العواتك,http://shamela.ws/index.php/book/13995
المنور في راجح المحرر,http://shamela.ws/index.php/book/16952
المفاتيح في شرح المصابيح,http://shamela.ws/index.php/book/16976
تحرير المنقول وتهذيب علم الأصول,http://shamela.ws/index.php/book/16983
وجوب تطبيق الشريعة الإسلامية في كل عصر,http://shamela.ws/index.php/book/16985
كشف المنن في علامات الساعة والملاحم والفتن,http://shamela.ws/index.php/book/16989
الذهب المسبوك في تحقيق روايات غزوة تبوك,http://shamela.ws/index.php/book/16991
مجموعة رسائل العلامة قاسم بن قطلوبغا,http://shamela.ws/index.php/book/16817
دراسات في تميز الأمة الإسلامية وموقف المستشرقين…,http://shamela.ws/index.php/book/16818
شرح القواعد السعدية,http://shamela.ws/index.php/book/16820
المذهب الحنبلي دراسة في تاريخه وسماته,http://shamela.ws/index.php/book/16822
بغية النقاد النقلة,http://shamela.ws/index.php/book/16636
السراج المنير في ترتيب أحاديث صحيح الجامع الصغير,http://shamela.ws/index.php/book/18571
النفح الشذي شرح جامع الترمذي ط الصميعي,http://shamela.ws/index.php/book/16599
العقد المذهب في طبقات حملة المذهب,http://shamela.ws/index.php/book/16664
التورق المصرفي,http://shamela.ws/index.php/book/17804
الفوائد الجسام على قواعد ابن عبد السلام,http://shamela.ws/index.php/book/17811
مائة من عظماء أمة الإسلام غيروا مجرى التاريخ,http://shamela.ws/index.php/book/14132
الإحكام في تمييز الفتاوى عن الأحكام وتصرفات القاضي…,http://shamela.ws/index.php/book/14218
العدة في شرح العمدة في أحاديث الأحكام لابن العطار,http://shamela.ws/index.php/book/14224
المنهج العلمي لطلاب العلم الشرعي,http://shamela.ws/index.php/book/14269
النكت العلمية على الروضة الندية,http://shamela.ws/index.php/book/14272
عمدة الطالب لنيل المآرب,http://shamela.ws/index.php/book/14386
معركة النص,http://shamela.ws/index.php/book/14435
المعين على تفهم الأربعين ت دغش,http://shamela.ws/index.php/book/17745
العروس المجلية في أسانيد الحديث المسلسل بالأولية,http://shamela.ws/index.php/book/17797
إرشاد العباد في فضل الجهاد,http://shamela.ws/index.php/book/17796
عقد الجمان في بيان شعب الإيمان,http://shamela.ws/index.php/book/17795
جزء فيه ذكر حال عكرمة مولى عبد الله بن عباس وما…,http://shamela.ws/index.php/book/17794
تحذير الجمهور من مفاسد شهادة الزور,http://shamela.ws/index.php/book/17793
الفصيحة العجما في الكلام على حديث «أحبب حبيبك هونا…,http://shamela.ws/index.php/book/17736
ثمرة التسارع إلى الحب في الله تعالى وترك التقاطع,http://shamela.ws/index.php/book/17748
سر الاستغفار عقب الصلوات,http://shamela.ws/index.php/book/14014
ردع الإخوان عن محدثات آخر جمعة رمضان,http://shamela.ws/index.php/book/17744
الإنصاف في حكم الإعتكاف,http://shamela.ws/index.php/book/17742
مختصر تنزيه المسجد الحرام عن بدع الجهلة العوام,http://shamela.ws/index.php/book/17740
تعليق لطيف على آخر حديث في رياض الصالحين,http://shamela.ws/index.php/book/17741
الفانيد في حلاوة الأسانيد,http://shamela.ws/index.php/book/17739
نبذة لطيفة ونصيحة شريفة,http://shamela.ws/index.php/book/17738
مفتاح طريق الأولياء,http://shamela.ws/index.php/book/17735
عمدة الأحكام الكبرى,http://shamela.ws/index.php/book/11194
الفتح المبين بشرح الأربعين,http://shamela.ws/index.php/book/8889
الأصل للشيباني ط قطر,http://shamela.ws/index.php/book/14285
الإلمام بأحاديث الأحكام ومعه حاشية ابن عبد الهادي,http://shamela.ws/index.php/book/924
الأحكام الصغرى,http://shamela.ws/index.php/book/17729
مفهوم تجديد الدين,http://shamela.ws/index.php/book/17731
صحيح موارد الظمآن إلى زوائد ابن حبان,http://shamela.ws/index.php/book/14440
ضعيف موارد الظمآن إلى زوائد ابن حبان,http://shamela.ws/index.php/book/17352
الجامع الصحيح للسيرة النبوية,http://shamela.ws/index.php/book/17666
الجوهر المنضد في طبقات متأخري أصحاب أحمد,http://shamela.ws/index.php/book/17657
وفاة النبي - صلى الله عليه وسلم - «وأظلمت المدينة»,http://shamela.ws/index.php/book/17620
التروك النبوية «تأصيلا وتطبيقا»,http://shamela.ws/index.php/book/14221
مختصر صحيح مسلم للمنذري ت الألباني,http://shamela.ws/index.php/book/17616
التسعينية,http://shamela.ws/index.php/book/17581
تكملة الجامع لسيرة شيخ الإسلام ابن تيمية خلال سبعة…,http://shamela.ws/index.php/book/17551
التبصرة للخمي,http://shamela.ws/index.php/book/14591
صب الخمول على من وصل أذاه إلى الصالحين من أولياء…,http://shamela.ws/index.php/book/17530
التخريج الصغير والتحبير الكبير,http://shamela.ws/index.php/book/17531
ضبط من غبر فيمن قيده ابن حجر,http://shamela.ws/index.php/book/17532
إيضاح طرق الإستقامة في بيان أحكام الولاية والإمامة,http://shamela.ws/index.php/book/17533
تذكرة الحفاظ وتبصرة الأيقاظ,http://shamela.ws/index.php/book/17534
النهاية في اتصال الرواية,http://shamela.ws/index.php/book/17535
معارف الإنعام وفضل الشهور والأيام,http://shamela.ws/index.php/book/17529
الفقه الميسر,http://shamela.ws/index.php/book/5913
إحكام النظر في أحكام النظر بحاسة البصر,http://shamela.ws/index.php/book/17442
الاستضعاف وأحكامه في الفقه الإسلامي,http://shamela.ws/index.php/book/17438
كشف اللثام شرح عمدة الأحكام,http://shamela.ws/index.php/book/17437
الانتباه لما قال الحاكم ولم يخرجاه وهو في أحدهما…,http://shamela.ws/index.php/book/17348
التاج المكلل من جواهر مآثر الطراز الآخر والأول,http://shamela.ws/index.php/book/17349
إغاثة اللهفان في حكم طلاق الغضبان ط المجمع,http://shamela.ws/index.php/book/19225
المقنع في فقه الإمام أحمد ت الأرناؤوط,http://shamela.ws/index.php/book/19233
النظريات العلمية الحديثة مسيرتها الفكرية وأسلوب…,http://shamela.ws/index.php/book/124358
فتح الرحمن في تفسير القرآن,http://shamela.ws/index.php/book/14404
إعلام الموقعين عن رب العالمين ت مشهور,http://shamela.ws/index.php/book/17798
الثبات والشمول في الشريعة الإسلامية,http://shamela.ws/index.php/book/17821
الذكر والدعاء والعلاج بالرقي من الكتاب والسنة,http://shamela.ws/index.php/book/16625
المختصر في تفسير القرآن الكريم,http://shamela.ws/index.php/book/18102
الوجيز في أصول الفقه الإسلامي,http://shamela.ws/index.php/book/17118
شرح الإلمام بأحاديث الأحكام,http://shamela.ws/index.php/book/18100
مصباح الأريب في تقريب الرواة الذين ليسوا في تقريب…,http://shamela.ws/index.php/book/17900
آراء ابن الجوزي التربوية,http://shamela.ws/index.php/book/17901
القصيدة الوضاحية في مدح السيدة عائشة أم المؤمنين…,http://shamela.ws/index.php/book/17861
مقدمة إملاء الاستذكار للحافظ أبي عمر ابن عبد البر…,http://shamela.ws/index.php/book/17857
الانتهاض في ختم «الشفا» لعياض,http://shamela.ws/index.php/book/17908
مجالس مع فضيلة الشيخ محمد الأمين الشنقيطي,http://shamela.ws/index.php/book/14260
مصابيح السنة,http://shamela.ws/index.php/book/14119
الأحكام الوسطى,http://shamela.ws/index.php/book/17903
قطع الجدال في أحكام الاستقبال «للكعبة المشرفة»,http://shamela.ws/index.php/book/17851
إفادة المبتدي المستفيد فى حكم إتيان المأموم بالتسميع,http://shamela.ws/index.php/book/17845
تحرير الأقوال في صوم الست من شوال,http://shamela.ws/index.php/book/17850
إجازة الشيخ العلامة عبد اللطيف بن عبد الرحمن آل…,http://shamela.ws/index.php/book/17847
رسالة لطيفة في شرح حديث أنت ومالك لأبيك,http://shamela.ws/index.php/book/17848
البدر التمام شرح بلوغ المرام,http://shamela.ws/index.php/book/17747
الأمثال والحكم,http://shamela.ws/index.php/book/16759
التوكل,http://shamela.ws/index.php/book/16879
طرق الكشف عن مقاصد الشارع,http://shamela.ws/index.php/book/16884
مجموع رسائل الحافظ العلائي,http://shamela.ws/index.php/book/16928
القول المعروف في فضل المعروف,http://shamela.ws/index.php/book/17451
ما يفعله الأطباء والداعون بدفع شر الطاعون,http://shamela.ws/index.php/book/17414
إخلاص الوداد في صدق الميعاد,http://shamela.ws/index.php/book/16727
إيضاح المدارك في الإفصاح عن العواتك,http://shamela.ws/index.php/book/13995
المنور في راجح المحرر,http://shamela.ws/index.php/book/16952
المفاتيح في شرح المصابيح,http://shamela.ws/index.php/book/16976
تحرير المنقول وتهذيب علم الأصول,http://shamela.ws/index.php/book/16983
وجوب تطبيق الشريعة الإسلامية في كل عصر,http://shamela.ws/index.php/book/16985
كشف المنن في علامات الساعة والملاحم والفتن,http://shamela.ws/index.php/book/16989
الذهب المسبوك في تحقيق روايات غزوة تبوك,http://shamela.ws/index.php/book/16991
مجموعة رسائل العلامة قاسم بن قطلوبغا,http://shamela.ws/index.php/book/16817
دراسات في تميز الأمة الإسلامية وموقف المستشرقين…,http://shamela.ws/index.php/book/16818
شرح القواعد السعدية,http://shamela.ws/index.php/book/16820
المذهب الحنبلي دراسة في تاريخه وسماته,http://shamela.ws/index.php/book/16822
بغية النقاد النقلة,http://shamela.ws/index.php/book/16636
السراج المنير في ترتيب أحاديث صحيح الجامع الصغير,http://shamela.ws/index.php/book/18571
النفح الشذي شرح جامع الترمذي ط الصميعي,http://shamela.ws/index.php/book/16599
العقد المذهب في طبقات حملة المذهب,http://shamela.ws/index.php/book/16664
التورق المصرفي,http://shamela.ws/index.php/book/17804
الفوائد الجسام على قواعد ابن عبد السلام,http://shamela.ws/index.php/book/17811
مائة من عظماء أمة الإسلام غيروا مجرى التاريخ,http://shamela.ws/index.php/book/14132
الإحكام في تمييز الفتاوى عن الأحكام وتصرفات القاضي…,http://shamela.ws/index.php/book/14218
العدة في شرح العمدة في أحاديث الأحكام لابن العطار,http://shamela.ws/index.php/book/14224
المنهج العلمي لطلاب العلم الشرعي,http://shamela.ws/index.php/book/14269
النكت العلمية على الروضة الندية,http://shamela.ws/index.php/book/14272
عمدة الطالب لنيل المآرب,http://shamela.ws/index.php/book/14386
معركة النص,http://shamela.ws/index.php/book/14435
المعين على تفهم الأربعين ت دغش,http://shamela.ws/index.php/book/17745
العروس المجلية في أسانيد الحديث المسلسل بالأولية,http://shamela.ws/index.php/book/17797
إرشاد العباد في فضل الجهاد,http://shamela.ws/index.php/book/17796
عقد الجمان في بيان شعب الإيمان,http://shamela.ws/index.php/book/17795
جزء فيه ذكر حال عكرمة مولى عبد الله بن عباس وما…,http://shamela.ws/index.php/book/17794
تحذير الجمهور من مفاسد شهادة الزور,http://shamela.ws/index.php/book/17793
الفصيحة العجما في الكلام على حديث «أحبب حبيبك هونا…,http://shamela.ws/index.php/book/17736
ثمرة التسارع إلى الحب في الله تعالى وترك التقاطع,http://shamela.ws/index.php/book/17748
سر الاستغفار عقب الصلوات,http://shamela.ws/index.php/book/14014
ردع الإخوان عن محدثات آخر جمعة رمضان,http://shamela.ws/index.php/book/17744
الإنصاف في حكم الإعتكاف,http://shamela.ws/index.php/book/17742
مختصر تنزيه المسجد الحرام عن بدع الجهلة العوام,http://shamela.ws/index.php/book/17740
تعليق لطيف على آخر حديث في رياض الصالحين,http://shamela.ws/index.php/book/17741
الفانيد في حلاوة الأسانيد,http://shamela.ws/index.php/book/17739
نبذة لطيفة ونصيحة شريفة,http://shamela.ws/index.php/book/17738
مفتاح طريق الأولياء,http://shamela.ws/index.php/book/17735
عمدة الأحكام الكبرى,http://shamela.ws/index.php/book/11194
الفتح المبين بشرح الأربعين,http://shamela.ws/index.php/book/8889
الأصل للشيباني ط قطر,http://shamela.ws/index.php/book/14285
الإلمام بأحاديث الأحكام ومعه حاشية ابن عبد الهادي,http://shamela.ws/index.php/book/924
الأحكام الصغرى,http://shamela.ws/index.php/book/17729
مفهوم تجديد الدين,http://shamela.ws/index.php/book/17731
صحيح موارد الظمآن إلى زوائد ابن حبان,http://shamela.ws/index.php/book/14440
ضعيف موارد الظمآن إلى زوائد ابن حبان,http://shamela.ws/index.php/book/17352
الجامع الصحيح للسيرة النبوية,http://shamela.ws/index.php/book/17666
الجوهر المنضد في طبقات متأخري أصحاب أحمد,http://shamela.ws/index.php/book/17657
وفاة النبي - صلى الله عليه وسلم - «وأظلمت المدينة»,http://shamela.ws/index.php/book/17620
التروك النبوية «تأصيلا وتطبيقا»,http://shamela.ws/index.php/book/14221
مختصر صحيح مسلم للمنذري ت الألباني,http://shamela.ws/index.php/book/17616
التسعينية,http://shamela.ws/index.php/book/17581
تكملة الجامع لسيرة شيخ الإسلام ابن تيمية خلال سبعة…,http://shamela.ws/index.php/book/17551
التبصرة للخمي,http://shamela.ws/index.php/book/14591
صب الخمول على من وصل أذاه إلى الصالحين من أولياء…,http://shamela.ws/index.php/book/17530
التخريج الصغير والتحبير الكبير,http://shamela.ws/index.php/book/17531
ضبط من غبر فيمن قيده ابن حجر,http://shamela.ws/index.php/book/17532
إيضاح طرق الإستقامة في بيان أحكام الولاية والإمامة,http://shamela.ws/index.php/book/17533
تذكرة الحفاظ وتبصرة الأيقاظ,http://shamela.ws/index.php/book/17534
النهاية في اتصال الرواية,http://shamela.ws/index.php/book/17535
معارف الإنعام وفضل الشهور والأيام,http://shamela.ws/index.php/book/17529
الفقه الميسر,http://shamela.ws/index.php/book/5913
إحكام النظر في أحكام النظر بحاسة البصر,http://shamela.ws/index.php/book/17442
الاستضعاف وأحكامه في الفقه الإسلامي,http://shamela.ws/index.php/book/17438
كشف اللثام شرح عمدة الأحكام,http://shamela.ws/index.php/book/17437
الانتباه لما قال الحاكم ولم يخرجاه وهو في أحدهما…,http://shamela.ws/index.php/book/17348
التاج المكلل من جواهر مآثر الطراز الآخر والأول,http://shamela.ws/index.php/book/17349
إغاثة اللهفان في حكم طلاق الغضبان ط المجمع,http://shamela.ws/index.php/book/19225
المقنع في فقه الإمام أحمد ت الأرناؤوط,http://shamela.ws/index.php/book/19233
النظريات العلمية الحديثة مسيرتها الفكرية وأسلوب…,http://shamela.ws/index.php/book/124358
فتح الرحمن في تفسير القرآن,http://shamela.ws/index.php/book/14404
إعلام الموقعين عن رب العالمين ت مشهور,http://shamela.ws/index.php/book/17798
الثبات والشمول في الشريعة الإسلامية,http://shamela.ws/index.php/book/17821
الذكر والدعاء والعلاج بالرقي من الكتاب والسنة,http://shamela.ws/index.php/book/16625
المختصر في تفسير القرآن الكريم,http://shamela.ws/index.php/book/18102
الوجيز في أصول الفقه الإسلامي,http://shamela.ws/index.php/book/17118
شرح الإلمام بأحاديث الأحكام,http://shamela.ws/index.php/book/18100
مصباح الأريب في تقريب الرواة الذين ليسوا في تقريب…,http://shamela.ws/index.php/book/17900
آراء ابن الجوزي التربوية,http://shamela.ws/index.php/book/17901
القصيدة الوضاحية في مدح السيدة عائشة أم المؤمنين…,http://shamela.ws/index.php/book/17861
مقدمة إملاء الاستذكار للحافظ أبي عمر ابن عبد البر…,http://shamela.ws/index.php/book/17857
الانتهاض في ختم «الشفا» لعياض,http://shamela.ws/index.php/book/17908
مجالس مع فضيلة الشيخ محمد الأمين الشنقيطي,http://shamela.ws/index.php/book/14260
مصابيح السنة,http://shamela.ws/index.php/book/14119
الأحكام الوسطى,http://shamela.ws/index.php/book/17903
قطع الجدال في أحكام الاستقبال «للكعبة المشرفة»,http://shamela.ws/index.php/book/17851
إفادة المبتدي المستفيد فى حكم إتيان المأموم بالتسميع,http://shamela.ws/index.php/book/17845
تحرير الأقوال في صوم الست من شوال,http://shamela.ws/index.php/book/17850
إجازة الشيخ العلامة عبد اللطيف بن عبد الرحمن آل…,http://shamela.ws/index.php/book/17847
رسالة لطيفة في شرح حديث أنت ومالك لأبيك,http://shamela.ws/index.php/book/17848
البدر التمام شرح بلوغ المرام,http://shamela.ws/index.php/book/17747
الأمثال والحكم,http://shamela.ws/index.php/book/16759
التوكل,http://shamela.ws/index.php/book/16879
طرق الكشف عن مقاصد الشارع,http://shamela.ws/index.php/book/16884
مجموع رسائل الحافظ العلائي,http://shamela.ws/index.php/book/16928
القول المعروف في فضل المعروف,http://shamela.ws/index.php/book/17451
ما يفعله الأطباء والداعون بدفع شر الطاعون,http://shamela.ws/index.php/book/17414
إخلاص الوداد في صدق الميعاد,http://shamela.ws/index.php/book/16727
إيضاح المدارك في الإفصاح عن العواتك,http://shamela.ws/index.php/book/13995
المنور في راجح المحرر,http://shamela.ws/index.php/book/16952
المفاتيح في شرح المصابيح,http://shamela.ws/index.php/book/16976
تحرير المنقول وتهذيب علم الأصول,http://shamela.ws/index.php/book/16983
وجوب تطبيق الشريعة الإسلامية في كل عصر,http://shamela.ws/index.php/book/16985
كشف المنن في علامات الساعة والملاحم والفتن,http://shamela.ws/index.php/book/16989
الذهب المسبوك في تحقيق روايات غزوة تبوك,http://shamela.ws/index.php/book/16991
مجموعة رسائل العلامة قاسم بن قطلوبغا,http://shamela.ws/index.php/book/16817
دراسات في تميز الأمة الإسلامية وموقف المستشرقين…,http://shamela.ws/index.php/book/16818
شرح القواعد السعدية,http://shamela.ws/index.php/book/16820
المذهب الحنبلي دراسة في تاريخه وسماته,http://shamela.ws/index.php/book/16822
بغية النقاد النقلة,http://shamela.ws/index.php/book/16636
السراج المنير في ترتيب أحاديث صحيح الجامع الصغير,http://shamela.ws/index.php/book/18571
النفح الشذي شرح جامع الترمذي ط الصميعي,http://shamela.ws/index.php/book/16599
العقد المذهب في طبقات حملة المذهب,http://shamela.ws/index.php/book/16664
التورق المصرفي,http://shamela.ws/index.php/book/17804
الفوائد الجسام على قواعد ابن عبد السلام,http://shamela.ws/index.php/book/17811
مائة من عظماء أمة الإسلام غيروا مجرى التاريخ,http://shamela.ws/index.php/book/14132
الإحكام في تمييز الفتاوى عن الأحكام وتصرفات القاضي…,http://shamela.ws/index.php/book/14218
العدة في شرح العمدة في أحاديث الأحكام لابن العطار,http://shamela.ws/index.php/book/14224
المنهج العلمي لطلاب العلم الشرعي,http://shamela.ws/index.php/book/14269
النكت العلمية على الروضة الندية,http://shamela.ws/index.php/book/14272
عمدة الطالب لنيل المآرب,http://shamela.ws/index.php/book/14386
معركة النص,http://shamela.ws/index.php/book/14435
المعين على تفهم الأربعين ت دغش,http://shamela.ws/index.php/book/17745
العروس المجلية في أسانيد الحديث المسلسل بالأولية,http://shamela.ws/index.php/book/17797
إرشاد العباد في فضل الجهاد,http://shamela.ws/index.php/book/17796
عقد الجمان في بيان شعب الإيمان,http://shamela.ws/index.php/book/17795
جزء فيه ذكر حال عكرمة مولى عبد الله بن عباس وما…,http://shamela.ws/index.php/book/17794
تحذير الجمهور من مفاسد شهادة الزور,http://shamela.ws/index.php/book/17793
الفصيحة العجما في الكلام على حديث «أحبب حبيبك هونا…,http://shamela.ws/index.php/book/17736
ثمرة التسارع إلى الحب في الله تعالى وترك التقاطع,http://shamela.ws/index.php/book/17748
سر الاستغفار عقب الصلوات,http://shamela.ws/index.php/book/14014
ردع الإخوان عن محدثات آخر جمعة رمضان,http://shamela.ws/index.php/book/17744
الإنصاف في حكم الإعتكاف,http://shamela.ws/index.php/book/17742
مختصر تنزيه المسجد الحرام عن بدع الجهلة العوام,http://shamela.ws/index.php/book/17740
تعليق لطيف على آخر حديث في رياض الصالحين,http://shamela.ws/index.php/book/17741
الفانيد في حلاوة الأسانيد,http://shamela.ws/index.php/book/17739
نبذة لطيفة ونصيحة شريفة,http://shamela.ws/index.php/book/17738
مفتاح طريق الأولياء,http://shamela.ws/index.php/book/17735
عمدة الأحكام الكبرى,http://shamela.ws/index.php/book/11194
الفتح المبين بشرح الأربعين,http://shamela.ws/index.php/book/8889
الأصل للشيباني ط قطر,http://shamela.ws/index.php/book/14285
الإلمام بأحاديث الأحكام ومعه حاشية ابن عبد الهادي,http://shamela.ws/index.php/book/924
الأحكام الصغرى,http://shamela.ws/index.php/book/17729
مفهوم تجديد الدين,http://shamela.ws/index.php/book/17731
صحيح موارد الظمآن إلى زوائد ابن حبان,http://shamela.ws/index.php/book/14440
ضعيف موارد الظمآن إلى زوائد ابن حبان,http://shamela.ws/index.php/book/17352
الجامع الصحيح للسيرة النبوية,http://shamela.ws/index.php/book/17666
الجوهر المنضد في طبقات متأخري أصحاب أحمد,http://shamela.ws/index.php/book/17657
وفاة النبي - صلى الله عليه وسلم - «وأظلمت المدينة»,http://shamela.ws/index.php/book/17620
التروك النبوية «تأصيلا وتطبيقا»,http://shamela.ws/index.php/book/14221
مختصر صحيح مسلم للمنذري ت الألباني,http://shamela.ws/index.php/book/17616
التسعينية,http://shamela.ws/index.php/book/17581
تكملة الجامع لسيرة شيخ الإسلام ابن تيمية خلال سبعة…,http://shamela.ws/index.php/book/17551
التبصرة للخمي,http://shamela.ws/index.php/book/14591
صب الخمول على من وصل أذاه إلى الصالحين من أولياء…,http://shamela.ws/index.php/book/17530
التخريج الصغير والتحبير الكبير,http://shamela.ws/index.php/book/17531
ضبط من غبر فيمن قيده ابن حجر,http://shamela.ws/index.php/book/17532
إيضاح طرق الإستقامة في بيان أحكام الولاية والإمامة,http://shamela.ws/index.php/book/17533
تذكرة الحفاظ وتبصرة الأيقاظ,http://shamela.ws/index.php/book/17534
النهاية في اتصال الرواية,http://shamela.ws/index.php/book/17535
معارف الإنعام وفضل الشهور والأيام,http://shamela.ws/index.php/book/17529
الفقه الميسر,http://shamela.ws/index.php/book/5913
إحكام النظر في أحكام النظر بحاسة البصر,http://shamela.ws/index.php/book/17442
الاستضعاف وأحكامه في الفقه الإسلامي,http://shamela.ws/index.php/book/17438
كشف اللثام شرح عمدة الأحكام,http://shamela.ws/index.php/book/17437
الانتباه لما قال الحاكم ولم يخرجاه وهو في أحدهما…,http://shamela.ws/index.php/book/17348
التاج المكلل من جواهر مآثر الطراز الآخر والأول,http://shamela.ws/index.php/book/17349
